dataset,category,mode,n_seeds,metric,mean,std,min,max
mvtec,bottle,k1,5,Image AUROC,0.9956,0.0043,0.9881,1.0000
mvtec,bottle,k1,5,Image AP,0.9985,0.0015,0.9958,1.0000
mvtec,bottle,k1,5,Image F1,0.9937,0.0032,0.9921,1.0000
mvtec,bottle,k1,5,Pixel AUROC,0.9904,0.0015,0.9874,0.9916
mvtec,bottle,k1,5,Pixel AP,0.8979,0.0085,0.8810,0.9036
mvtec,bottle,k1,5,Pixel F1,0.8229,0.0105,0.8026,0.8334
mvtec,bottle,k1,5,Pixel PRO,0.9552,0.0046,0.9509,0.9637
mvtec,bottle,k2,5,Image AUROC,0.9959,0.0027,0.9913,0.9992
mvtec,bottle,k2,5,Image AP,0.9987,0.0008,0.9973,0.9998
mvtec,bottle,k2,5,Image F1,0.9875,0.0092,0.9692,0.9921
mvtec,bottle,k2,5,Pixel AUROC,0.9857,0.0094,0.9670,0.9915
mvtec,bottle,k2,5,Pixel AP,0.8724,0.0414,0.7901,0.9007
mvtec,bottle,k2,5,Pixel F1,0.8039,0.0325,0.7394,0.8272
mvtec,bottle,k2,5,Pixel PRO,0.9458,0.0250,0.8962,0.9623
mvtec,bottle,k4,5,Image AUROC,0.9981,0.0021,0.9952,1.0000
mvtec,bottle,k4,5,Image AP,0.9994,0.0007,0.9985,1.0000
mvtec,bottle,k4,5,Image F1,0.9953,0.0039,0.9921,1.0000
mvtec,bottle,k4,5,Pixel AUROC,0.9847,0.0084,0.9725,0.9916
mvtec,bottle,k4,5,Pixel AP,0.8605,0.0380,0.8071,0.8928
mvtec,bottle,k4,5,Pixel F1,0.7934,0.0334,0.7418,0.8222
mvtec,bottle,k4,5,Pixel PRO,0.9302,0.0281,0.8859,0.9567
mvtec,cable,k1,5,Image AUROC,0.8875,0.0255,0.8454,0.9114
mvtec,cable,k1,5,Image AP,0.9335,0.0190,0.9040,0.9518
mvtec,cable,k1,5,Image F1,0.8581,0.0130,0.8410,0.8723
mvtec,cable,k1,5,Pixel AUROC,0.9368,0.0201,0.8987,0.9548
mvtec,cable,k1,5,Pixel AP,0.6201,0.0462,0.5483,0.6815
mvtec,cable,k1,5,Pixel F1,0.5832,0.0427,0.5326,0.6468
mvtec,cable,k1,5,Pixel PRO,0.7735,0.0609,0.6733,0.8608
mvtec,cable,k2,5,Image AUROC,0.9215,0.0176,0.8951,0.9412
mvtec,cable,k2,5,Image AP,0.9541,0.0113,0.9361,0.9659
mvtec,cable,k2,5,Image F1,0.8802,0.0141,0.8586,0.8962
mvtec,cable,k2,5,Pixel AUROC,0.9446,0.0289,0.9033,0.9757
mvtec,cable,k2,5,Pixel AP,0.6624,0.0612,0.5729,0.7282
mvtec,cable,k2,5,Pixel F1,0.6173,0.0388,0.5591,0.6591
mvtec,cable,k2,5,Pixel PRO,0.8061,0.0859,0.6849,0.9134
mvtec,cable,k4,5,Image AUROC,0.9710,0.0062,0.9629,0.9794
mvtec,cable,k4,5,Image AP,0.9825,0.0039,0.9782,0.9879
mvtec,cable,k4,5,Image F1,0.9350,0.0129,0.9198,0.9560
mvtec,cable,k4,5,Pixel AUROC,0.9785,0.0033,0.9720,0.9811
mvtec,cable,k4,5,Pixel AP,0.7487,0.0231,0.7190,0.7886
mvtec,cable,k4,5,Pixel F1,0.6734,0.0233,0.6440,0.7152
mvtec,cable,k4,5,Pixel PRO,0.9045,0.0161,0.8765,0.9254
mvtec,capsule,k1,5,Image AUROC,0.9104,0.0326,0.8456,0.9326
mvtec,capsule,k1,5,Image AP,0.9792,0.0080,0.9634,0.9855
mvtec,capsule,k1,5,Image F1,0.9417,0.0132,0.9185,0.9596
mvtec,capsule,k1,5,Pixel AUROC,0.9825,0.0046,0.9776,0.9912
mvtec,capsule,k1,5,Pixel AP,0.4363,0.0448,0.3948,0.5190
mvtec,capsule,k1,5,Pixel F1,0.4740,0.0355,0.4411,0.5384
mvtec,capsule,k1,5,Pixel PRO,0.9277,0.0201,0.8940,0.9554
mvtec,capsule,k2,5,Image AUROC,0.9230,0.0217,0.8839,0.9446
mvtec,capsule,k2,5,Image AP,0.9807,0.0044,0.9743,0.9862
mvtec,capsule,k2,5,Image F1,0.9486,0.0147,0.9244,0.9640
mvtec,capsule,k2,5,Pixel AUROC,0.9895,0.0035,0.9826,0.9919
mvtec,capsule,k2,5,Pixel AP,0.4825,0.0313,0.4282,0.5180
mvtec,capsule,k2,5,Pixel F1,0.5136,0.0269,0.4602,0.5317
mvtec,capsule,k2,5,Pixel PRO,0.9406,0.0160,0.9160,0.9629
mvtec,capsule,k4,5,Image AUROC,0.9471,0.0083,0.9370,0.9553
mvtec,capsule,k4,5,Image AP,0.9866,0.0019,0.9839,0.9891
mvtec,capsule,k4,5,Image F1,0.9656,0.0086,0.9545,0.9774
mvtec,capsule,k4,5,Pixel AUROC,0.9911,0.0018,0.9882,0.9930
mvtec,capsule,k4,5,Pixel AP,0.5211,0.0215,0.4937,0.5597
mvtec,capsule,k4,5,Pixel F1,0.5493,0.0179,0.5232,0.5742
mvtec,capsule,k4,5,Pixel PRO,0.9567,0.0119,0.9378,0.9699
mvtec,carpet,k1,5,Image AUROC,1.0000,0.0000,1.0000,1.0000
mvtec,carpet,k1,5,Image AP,1.0000,0.0000,1.0000,1.0000
mvtec,carpet,k1,5,Image F1,1.0000,0.0000,1.0000,1.0000
mvtec,carpet,k1,5,Pixel AUROC,0.9955,0.0004,0.9949,0.9961
mvtec,carpet,k1,5,Pixel AP,0.7901,0.0127,0.7682,0.8064
mvtec,carpet,k1,5,Pixel F1,0.7109,0.0096,0.6941,0.7232
mvtec,carpet,k1,5,Pixel PRO,0.9772,0.0013,0.9750,0.9785
mvtec,carpet,k2,5,Image AUROC,1.0000,0.0000,1.0000,1.0000
mvtec,carpet,k2,5,Image AP,1.0000,0.0000,1.0000,1.0000
mvtec,carpet,k2,5,Image F1,1.0000,0.0000,1.0000,1.0000
mvtec,carpet,k2,5,Pixel AUROC,0.9956,0.0001,0.9955,0.9957
mvtec,carpet,k2,5,Pixel AP,0.7874,0.0044,0.7817,0.7935
mvtec,carpet,k2,5,Pixel F1,0.7071,0.0031,0.7020,0.7100
mvtec,carpet,k2,5,Pixel PRO,0.9798,0.0013,0.9778,0.9813
mvtec,carpet,k4,5,Image AUROC,1.0000,0.0000,1.0000,1.0000
mvtec,carpet,k4,5,Image AP,1.0000,0.0000,1.0000,1.0000
mvtec,carpet,k4,5,Image F1,1.0000,0.0000,1.0000,1.0000
mvtec,carpet,k4,5,Pixel AUROC,0.9955,0.0002,0.9952,0.9959
mvtec,carpet,k4,5,Pixel AP,0.7773,0.0095,0.7673,0.7938
mvtec,carpet,k4,5,Pixel F1,0.7072,0.0106,0.6945,0.7214
mvtec,carpet,k4,5,Pixel PRO,0.9800,0.0009,0.9784,0.9809
mvtec,grid,k1,5,Image AUROC,0.9946,0.0030,0.9916,1.0000
mvtec,grid,k1,5,Image AP,0.9983,0.0010,0.9974,1.0000
mvtec,grid,k1,5,Image F1,0.9911,0.0057,0.9821,1.0000
mvtec,grid,k1,5,Pixel AUROC,0.9649,0.0040,0.9589,0.9697
mvtec,grid,k1,5,Pixel AP,0.3225,0.0211,0.2928,0.3551
mvtec,grid,k1,5,Pixel F1,0.3849,0.0180,0.3673,0.4185
mvtec,grid,k1,5,Pixel PRO,0.8601,0.0186,0.8328,0.8830
mvtec,grid,k2,5,Image AUROC,0.9982,0.0019,0.9950,1.0000
mvtec,grid,k2,5,Image AP,0.9993,0.0007,0.9982,1.0000
mvtec,grid,k2,5,Image F1,0.9929,0.0067,0.9821,1.0000
mvtec,grid,k2,5,Pixel AUROC,0.9755,0.0085,0.9610,0.9835
mvtec,grid,k2,5,Pixel AP,0.3224,0.0218,0.2999,0.3573
mvtec,grid,k2,5,Pixel F1,0.3846,0.0111,0.3695,0.3993
mvtec,grid,k2,5,Pixel PRO,0.9063,0.0257,0.8577,0.9272
mvtec,grid,k4,5,Image AUROC,0.9988,0.0011,0.9975,1.0000
mvtec,grid,k4,5,Image AP,0.9996,0.0004,0.9991,1.0000
mvtec,grid,k4,5,Image F1,0.9947,0.0043,0.9912,1.0000
mvtec,grid,k4,5,Pixel AUROC,0.9780,0.0078,0.9645,0.9858
mvtec,grid,k4,5,Pixel AP,0.3225,0.0326,0.2641,0.3559
mvtec,grid,k4,5,Pixel F1,0.3792,0.0167,0.3476,0.3947
mvtec,grid,k4,5,Pixel PRO,0.9140,0.0237,0.8747,0.9379
mvtec,hazelnut,k1,5,Image AUROC,0.9573,0.0414,0.8914,1.0000
mvtec,hazelnut,k1,5,Image AP,0.9760,0.0232,0.9390,1.0000
mvtec,hazelnut,k1,5,Image F1,0.9376,0.0447,0.8714,1.0000
mvtec,hazelnut,k1,5,Pixel AUROC,0.9860,0.0132,0.9602,0.9948
mvtec,hazelnut,k1,5,Pixel AP,0.6979,0.1519,0.4063,0.8269
mvtec,hazelnut,k1,5,Pixel F1,0.6822,0.1388,0.4258,0.8018
mvtec,hazelnut,k1,5,Pixel PRO,0.8948,0.0477,0.8047,0.9322
mvtec,hazelnut,k2,5,Image AUROC,0.9868,0.0157,0.9625,1.0000
mvtec,hazelnut,k2,5,Image AP,0.9927,0.0085,0.9807,1.0000
mvtec,hazelnut,k2,5,Image F1,0.9730,0.0284,0.9275,1.0000
mvtec,hazelnut,k2,5,Pixel AUROC,0.9940,0.0014,0.9920,0.9959
mvtec,hazelnut,k2,5,Pixel AP,0.7989,0.0296,0.7571,0.8406
mvtec,hazelnut,k2,5,Pixel F1,0.7721,0.0282,0.7295,0.8055
mvtec,hazelnut,k2,5,Pixel PRO,0.9318,0.0156,0.9125,0.9526
mvtec,hazelnut,k4,5,Image AUROC,0.9989,0.0023,0.9943,1.0000
mvtec,hazelnut,k4,5,Image AP,0.9994,0.0013,0.9968,1.0000
mvtec,hazelnut,k4,5,Image F1,0.9944,0.0111,0.9722,1.0000
mvtec,hazelnut,k4,5,Pixel AUROC,0.9958,0.0005,0.9950,0.9964
mvtec,hazelnut,k4,5,Pixel AP,0.8211,0.0177,0.7929,0.8399
mvtec,hazelnut,k4,5,Pixel F1,0.7992,0.0124,0.7758,0.8108
mvtec,hazelnut,k4,5,Pixel PRO,0.9481,0.0100,0.9355,0.9618
mvtec,leather,k1,5,Image AUROC,1.0000,0.0000,1.0000,1.0000
mvtec,leather,k1,5,Image AP,1.0000,0.0000,1.0000,1.0000
mvtec,leather,k1,5,Image F1,1.0000,0.0000,1.0000,1.0000
mvtec,leather,k1,5,Pixel AUROC,0.9947,0.0007,0.9936,0.9956
mvtec,leather,k1,5,Pixel AP,0.4818,0.0396,0.4171,0.5356
mvtec,leather,k1,5,Pixel F1,0.5302,0.0258,0.4894,0.5623
mvtec,leather,k1,5,Pixel PRO,0.9810,0.0049,0.9756,0.9870
mvtec,leather,k2,5,Image AUROC,1.0000,0.0000,1.0000,1.0000
mvtec,leather,k2,5,Image AP,1.0000,0.0000,1.0000,1.0000
mvtec,leather,k2,5,Image F1,1.0000,0.0000,1.0000,1.0000
mvtec,leather,k2,5,Pixel AUROC,0.9948,0.0005,0.9942,0.9955
mvtec,leather,k2,5,Pixel AP,0.5034,0.0407,0.4397,0.5557
mvtec,leather,k2,5,Pixel F1,0.5284,0.0172,0.5079,0.5509
mvtec,leather,k2,5,Pixel PRO,0.9817,0.0033,0.9790,0.9868
mvtec,leather,k4,5,Image AUROC,1.0000,0.0000,1.0000,1.0000
mvtec,leather,k4,5,Image AP,1.0000,0.0000,1.0000,1.0000
mvtec,leather,k4,5,Image F1,1.0000,0.0000,1.0000,1.0000
mvtec,leather,k4,5,Pixel AUROC,0.9946,0.0004,0.9941,0.9952
mvtec,leather,k4,5,Pixel AP,0.5015,0.0321,0.4442,0.5409
mvtec,leather,k4,5,Pixel F1,0.5233,0.0120,0.5077,0.5431
mvtec,leather,k4,5,Pixel PRO,0.9814,0.0036,0.9756,0.9859
mvtec,metal_nut,k1,5,Image AUROC,0.9997,0.0004,0.9990,1.0000
mvtec,metal_nut,k1,5,Image AP,0.9999,0.0001,0.9998,1.0000
mvtec,metal_nut,k1,5,Image F1,0.9979,0.0026,0.9947,1.0000
mvtec,metal_nut,k1,5,Pixel AUROC,0.9728,0.0021,0.9700,0.9761
mvtec,metal_nut,k1,5,Pixel AP,0.9051,0.0097,0.8886,0.9158
mvtec,metal_nut,k1,5,Pixel F1,0.8455,0.0110,0.8292,0.8608
mvtec,metal_nut,k1,5,Pixel PRO,0.8939,0.0049,0.8876,0.8988
mvtec,metal_nut,k2,5,Image AUROC,1.0000,0.0000,1.0000,1.0000
mvtec,metal_nut,k2,5,Image AP,1.0000,0.0000,1.0000,1.0000
mvtec,metal_nut,k2,5,Image F1,1.0000,0.0000,1.0000,1.0000
mvtec,metal_nut,k2,5,Pixel AUROC,0.9804,0.0014,0.9786,0.9822
mvtec,metal_nut,k2,5,Pixel AP,0.9341,0.0052,0.9281,0.9430
mvtec,metal_nut,k2,5,Pixel F1,0.8779,0.0074,0.8686,0.8895
mvtec,metal_nut,k2,5,Pixel PRO,0.9059,0.0048,0.9001,0.9123
mvtec,metal_nut,k4,5,Image AUROC,1.0000,0.0000,1.0000,1.0000
mvtec,metal_nut,k4,5,Image AP,1.0000,0.0000,1.0000,1.0000
mvtec,metal_nut,k4,5,Image F1,1.0000,0.0000,1.0000,1.0000
mvtec,metal_nut,k4,5,Pixel AUROC,0.9836,0.0002,0.9833,0.9838
mvtec,metal_nut,k4,5,Pixel AP,0.9445,0.0024,0.9414,0.9475
mvtec,metal_nut,k4,5,Pixel F1,0.8988,0.0026,0.8956,0.9012
mvtec,metal_nut,k4,5,Pixel PRO,0.9168,0.0077,0.9020,0.9228
mvtec,pill,k1,5,Image AUROC,0.9701,0.0071,0.9626,0.9820
mvtec,pill,k1,5,Image AP,0.9944,0.0014,0.9928,0.9967
mvtec,pill,k1,5,Image F1,0.9686,0.0047,0.9622,0.9754
mvtec,pill,k1,5,Pixel AUROC,0.9829,0.0053,0.9739,0.9883
mvtec,pill,k1,5,Pixel AP,0.8140,0.0336,0.7531,0.8469
mvtec,pill,k1,5,Pixel F1,0.7433,0.0280,0.6940,0.7729
mvtec,pill,k1,5,Pixel PRO,0.9715,0.0031,0.9671,0.9766
mvtec,pill,k2,5,Image AUROC,0.9799,0.0017,0.9774,0.9823
mvtec,pill,k2,5,Image AP,0.9964,0.0003,0.9959,0.9967
mvtec,pill,k2,5,Image F1,0.9746,0.0042,0.9682,0.9790
mvtec,pill,k2,5,Pixel AUROC,0.9891,0.0020,0.9863,0.9914
mvtec,pill,k2,5,Pixel AP,0.8369,0.0154,0.8211,0.8576
mvtec,pill,k2,5,Pixel F1,0.7621,0.0170,0.7411,0.7824
mvtec,pill,k2,5,Pixel PRO,0.9816,0.0014,0.9794,0.9836
mvtec,pill,k4,5,Image AUROC,0.9848,0.0026,0.9804,0.9872
mvtec,pill,k4,5,Image AP,0.9972,0.0005,0.9964,0.9976
mvtec,pill,k4,5,Image F1,0.9753,0.0044,0.9686,0.9825
mvtec,pill,k4,5,Pixel AUROC,0.9905,0.0013,0.9881,0.9916
mvtec,pill,k4,5,Pixel AP,0.8347,0.0173,0.8179,0.8594
mvtec,pill,k4,5,Pixel F1,0.7568,0.0223,0.7287,0.7898
mvtec,pill,k4,5,Pixel PRO,0.9813,0.0022,0.9773,0.9839
mvtec,screw,k1,5,Image AUROC,0.8531,0.0472,0.7969,0.9367
mvtec,screw,k1,5,Image AP,0.9482,0.0182,0.9205,0.9770
mvtec,screw,k1,5,Image F1,0.8819,0.0243,0.8594,0.9262
mvtec,screw,k1,5,Pixel AUROC,0.9789,0.0036,0.9727,0.9823
mvtec,screw,k1,5,Pixel AP,0.3108,0.0580,0.2383,0.3821
mvtec,screw,k1,5,Pixel F1,0.3884,0.0353,0.3439,0.4419
mvtec,screw,k1,5,Pixel PRO,0.9012,0.0234,0.8601,0.9275
mvtec,screw,k2,5,Image AUROC,0.8995,0.0313,0.8627,0.9469
mvtec,screw,k2,5,Image AP,0.9651,0.0115,0.9502,0.9825
mvtec,screw,k2,5,Image F1,0.9022,0.0168,0.8819,0.9258
mvtec,screw,k2,5,Pixel AUROC,0.9811,0.0029,0.9759,0.9844
mvtec,screw,k2,5,Pixel AP,0.3067,0.0423,0.2495,0.3606
mvtec,screw,k2,5,Pixel F1,0.3700,0.0354,0.3295,0.4249
mvtec,screw,k2,5,Pixel PRO,0.9226,0.0113,0.9022,0.9353
mvtec,screw,k4,5,Image AUROC,0.9106,0.0204,0.8819,0.9391
mvtec,screw,k4,5,Image AP,0.9705,0.0056,0.9642,0.9790
mvtec,screw,k4,5,Image F1,0.9095,0.0186,0.8803,0.9360
mvtec,screw,k4,5,Pixel AUROC,0.9856,0.0009,0.9843,0.9872
mvtec,screw,k4,5,Pixel AP,0.3881,0.0222,0.3681,0.4216
mvtec,screw,k4,5,Pixel F1,0.4272,0.0180,0.4033,0.4527
mvtec,screw,k4,5,Pixel PRO,0.9358,0.0069,0.9287,0.9479
mvtec,tile,k1,5,Image AUROC,1.0000,0.0000,1.0000,1.0000
mvtec,tile,k1,5,Image AP,1.0000,0.0000,1.0000,1.0000
mvtec,tile,k1,5,Image F1,1.0000,0.0000,1.0000,1.0000
mvtec,tile,k1,5,Pixel AUROC,0.9816,0.0020,0.9781,0.9836
mvtec,tile,k1,5,Pixel AP,0.8871,0.0051,0.8783,0.8934
mvtec,tile,k1,5,Pixel F1,0.7980,0.0048,0.7941,0.8068
mvtec,tile,k1,5,Pixel PRO,0.9110,0.0070,0.8974,0.9169
mvtec,tile,k2,5,Image AUROC,1.0000,0.0000,1.0000,1.0000
mvtec,tile,k2,5,Image AP,1.0000,0.0000,1.0000,1.0000
mvtec,tile,k2,5,Image F1,1.0000,0.0000,1.0000,1.0000
mvtec,tile,k2,5,Pixel AUROC,0.9840,0.0026,0.9795,0.9867
mvtec,tile,k2,5,Pixel AP,0.8888,0.0120,0.8712,0.9076
mvtec,tile,k2,5,Pixel F1,0.7965,0.0134,0.7822,0.8196
mvtec,tile,k2,5,Pixel PRO,0.9216,0.0175,0.8954,0.9400
mvtec,tile,k4,5,Image AUROC,1.0000,0.0000,1.0000,1.0000
mvtec,tile,k4,5,Image AP,1.0000,0.0000,1.0000,1.0000
mvtec,tile,k4,5,Image F1,1.0000,0.0000,1.0000,1.0000
mvtec,tile,k4,5,Pixel AUROC,0.9829,0.0021,0.9794,0.9853
mvtec,tile,k4,5,Pixel AP,0.8792,0.0107,0.8601,0.8931
mvtec,tile,k4,5,Pixel F1,0.7846,0.0127,0.7651,0.8043
mvtec,tile,k4,5,Pixel PRO,0.9120,0.0119,0.8923,0.9261
mvtec,toothbrush,k1,5,Image AUROC,0.9817,0.0189,0.9500,1.0000
mvtec,toothbrush,k1,5,Image AP,0.9935,0.0067,0.9825,1.0000
mvtec,toothbrush,k1,5,Image F1,0.9730,0.0276,0.9310,1.0000
mvtec,toothbrush,k1,5,Pixel AUROC,0.9894,0.0029,0.9854,0.9941
mvtec,toothbrush,k1,5,Pixel AP,0.5682,0.0591,0.4699,0.6407
mvtec,toothbrush,k1,5,Pixel F1,0.6316,0.0338,0.5772,0.6752
mvtec,toothbrush,k1,5,Pixel PRO,0.8986,0.0260,0.8648,0.9416
mvtec,toothbrush,k2,5,Image AUROC,1.0000,0.0000,1.0000,1.0000
mvtec,toothbrush,k2,5,Image AP,1.0000,0.0000,1.0000,1.0000
mvtec,toothbrush,k2,5,Image F1,1.0000,0.0000,1.0000,1.0000
mvtec,toothbrush,k2,5,Pixel AUROC,0.9935,0.0006,0.9925,0.9941
mvtec,toothbrush,k2,5,Pixel AP,0.6188,0.0124,0.5956,0.6307
mvtec,toothbrush,k2,5,Pixel F1,0.6668,0.0071,0.6599,0.6803
mvtec,toothbrush,k2,5,Pixel PRO,0.9342,0.0115,0.9125,0.9460
mvtec,toothbrush,k4,5,Image AUROC,0.9989,0.0022,0.9944,1.0000
mvtec,toothbrush,k4,5,Image AP,0.9996,0.0009,0.9978,1.0000
mvtec,toothbrush,k4,5,Image F1,0.9967,0.0066,0.9836,1.0000
mvtec,toothbrush,k4,5,Pixel AUROC,0.9930,0.0013,0.9908,0.9943
mvtec,toothbrush,k4,5,Pixel AP,0.6062,0.0394,0.5539,0.6758
mvtec,toothbrush,k4,5,Pixel F1,0.6613,0.0216,0.6369,0.6936
mvtec,toothbrush,k4,5,Pixel PRO,0.9202,0.0221,0.8828,0.9506
mvtec,transistor,k1,5,Image AUROC,0.9333,0.0279,0.8933,0.9729
mvtec,transistor,k1,5,Image AP,0.9231,0.0360,0.8613,0.9670
mvtec,transistor,k1,5,Image F1,0.8509,0.0457,0.7816,0.9231
mvtec,transistor,k1,5,Pixel AUROC,0.9398,0.0286,0.8944,0.9690
mvtec,transistor,k1,5,Pixel AP,0.6350,0.0753,0.5470,0.7427
mvtec,transistor,k1,5,Pixel F1,0.5947,0.0570,0.5295,0.6766
mvtec,transistor,k1,5,Pixel PRO,0.7577,0.0582,0.6483,0.8190
mvtec,transistor,k2,5,Image AUROC,0.9483,0.0138,0.9254,0.9629
mvtec,transistor,k2,5,Image AP,0.9378,0.0181,0.9053,0.9566
mvtec,transistor,k2,5,Image F1,0.8688,0.0320,0.8158,0.9091
mvtec,transistor,k2,5,Pixel AUROC,0.9559,0.0205,0.9171,0.9719
mvtec,transistor,k2,5,Pixel AP,0.6893,0.0451,0.6090,0.7305
mvtec,transistor,k2,5,Pixel F1,0.6315,0.0308,0.5817,0.6637
mvtec,transistor,k2,5,Pixel PRO,0.7806,0.0721,0.6639,0.8695
mvtec,transistor,k4,5,Image AUROC,0.9623,0.0071,0.9537,0.9750
mvtec,transistor,k4,5,Image AP,0.9510,0.0107,0.9367,0.9692
mvtec,transistor,k4,5,Image F1,0.8888,0.0145,0.8736,0.9114
mvtec,transistor,k4,5,Pixel AUROC,0.9640,0.0128,0.9476,0.9790
mvtec,transistor,k4,5,Pixel AP,0.7075,0.0400,0.6511,0.7565
mvtec,transistor,k4,5,Pixel F1,0.6441,0.0263,0.6078,0.6798
mvtec,transistor,k4,5,Pixel PRO,0.8079,0.0440,0.7336,0.8538
mvtec,wood,k1,4,Image AUROC,0.9934,0.0038,0.9886,0.9991
mvtec,wood,k1,4,Image AP,0.9980,0.0011,0.9967,0.9997
mvtec,wood,k1,4,Image F1,0.9792,0.0072,0.9748,0.9917
mvtec,wood,k1,4,Pixel AUROC,0.9198,0.0188,0.8882,0.9370
mvtec,wood,k1,4,Pixel AP,0.5809,0.0528,0.5030,0.6507
mvtec,wood,k1,4,Pixel F1,0.5565,0.0401,0.4975,0.6078
mvtec,wood,k1,4,Pixel PRO,0.8409,0.0364,0.7876,0.8895
mvtec,wood,k2,4,Image AUROC,0.9935,0.0022,0.9904,0.9965
mvtec,wood,k2,4,Image AP,0.9980,0.0007,0.9970,0.9989
mvtec,wood,k2,4,Image F1,0.9834,0.0001,0.9833,0.9836
mvtec,wood,k2,4,Pixel AUROC,0.9431,0.0105,0.9305,0.9561
mvtec,wood,k2,4,Pixel AP,0.6560,0.0346,0.6073,0.6958
mvtec,wood,k2,4,Pixel F1,0.6139,0.0233,0.5784,0.6402
mvtec,wood,k2,4,Pixel PRO,0.8906,0.0088,0.8777,0.8995
mvtec,wood,k4,5,Image AUROC,0.9916,0.0017,0.9895,0.9930
mvtec,wood,k4,5,Image AP,0.9974,0.0006,0.9965,0.9979
mvtec,wood,k4,5,Image F1,0.9800,0.0040,0.9752,0.9836
mvtec,wood,k4,5,Pixel AUROC,0.9386,0.0229,0.9101,0.9615
mvtec,wood,k4,5,Pixel AP,0.6346,0.0624,0.5447,0.6880
mvtec,wood,k4,5,Pixel F1,0.5994,0.0447,0.5351,0.6361
mvtec,wood,k4,5,Pixel PRO,0.8751,0.0409,0.8286,0.9310
mvtec,zipper,k1,4,Image AUROC,0.9878,0.0037,0.9819,0.9919
mvtec,zipper,k1,4,Image AP,0.9970,0.0009,0.9957,0.9981
mvtec,zipper,k1,4,Image F1,0.9778,0.0036,0.9741,0.9833
mvtec,zipper,k1,4,Pixel AUROC,0.9539,0.0038,0.9504,0.9601
mvtec,zipper,k1,4,Pixel AP,0.5197,0.0242,0.4950,0.5576
mvtec,zipper,k1,4,Pixel F1,0.5160,0.0185,0.4970,0.5407
mvtec,zipper,k1,4,Pixel PRO,0.8632,0.0135,0.8522,0.8857
mvtec,zipper,k2,4,Image AUROC,0.9929,0.0022,0.9903,0.9963
mvtec,zipper,k2,4,Image AP,0.9982,0.0005,0.9977,0.9991
mvtec,zipper,k2,4,Image F1,0.9854,0.0036,0.9833,0.9916
mvtec,zipper,k2,4,Pixel AUROC,0.9603,0.0042,0.9551,0.9659
mvtec,zipper,k2,4,Pixel AP,0.5454,0.0374,0.4854,0.5835
mvtec,zipper,k2,4,Pixel F1,0.5331,0.0355,0.4744,0.5659
mvtec,zipper,k2,4,Pixel PRO,0.8820,0.0124,0.8662,0.8967
mvtec,zipper,k4,5,Image AUROC,0.9940,0.0034,0.9882,0.9976
mvtec,zipper,k4,5,Image AP,0.9985,0.0008,0.9971,0.9994
mvtec,zipper,k4,5,Image F1,0.9874,0.0038,0.9831,0.9916
mvtec,zipper,k4,5,Pixel AUROC,0.9570,0.0153,0.9295,0.9763
mvtec,zipper,k4,5,Pixel AP,0.5548,0.0694,0.4350,0.6494
mvtec,zipper,k4,5,Pixel F1,0.5387,0.0571,0.4390,0.6148
mvtec,zipper,k4,5,Pixel PRO,0.8720,0.0408,0.7986,0.9215
simplenet,bottle,k1,5,Image AUROC,0.9995,0.0006,0.9984,1.0000
simplenet,bottle,k1,5,Image AP,0.9999,0.0002,0.9995,1.0000
simplenet,bottle,k1,5,Image F1,0.9968,0.0039,0.9920,1.0000
simplenet,bottle,k1,5,Pixel AUROC,0.9733,0.0042,0.9667,0.9787
simplenet,bottle,k1,5,Pixel AP,0.7474,0.0225,0.7039,0.7678
simplenet,bottle,k1,5,Pixel F1,0.7214,0.0172,0.6904,0.7402
simplenet,bottle,k1,5,Pixel PRO,0.9091,0.0144,0.8909,0.9319
simplenet,bottle,k2,6,Image AUROC,0.9992,0.0009,0.9976,1.0000
simplenet,bottle,k2,6,Image AP,0.9998,0.0003,0.9992,1.0000
simplenet,bottle,k2,6,Image F1,0.9960,0.0040,0.9920,1.0000
simplenet,bottle,k2,6,Pixel AUROC,0.9793,0.0020,0.9764,0.9830
simplenet,bottle,k2,6,Pixel AP,0.7691,0.0151,0.7466,0.7874
simplenet,bottle,k2,6,Pixel F1,0.7425,0.0084,0.7309,0.7566
simplenet,bottle,k2,6,Pixel PRO,0.9241,0.0128,0.9060,0.9408
simplenet,bottle,k4,5,Image AUROC,0.9990,0.0009,0.9976,1.0000
simplenet,bottle,k4,5,Image AP,0.9997,0.0003,0.9992,1.0000
simplenet,bottle,k4,5,Image F1,0.9953,0.0039,0.9921,1.0000
simplenet,bottle,k4,5,Pixel AUROC,0.9800,0.0018,0.9766,0.9816
simplenet,bottle,k4,5,Pixel AP,0.7671,0.0024,0.7626,0.7696
simplenet,bottle,k4,5,Pixel F1,0.7452,0.0095,0.7300,0.7567
simplenet,bottle,k4,5,Pixel PRO,0.9097,0.0087,0.8995,0.9246
simplenet,cable,k1,5,Image AUROC,0.8290,0.0625,0.7397,0.9245
simplenet,cable,k1,5,Image AP,0.8833,0.0536,0.7996,0.9577
simplenet,cable,k1,5,Image F1,0.8353,0.0346,0.7944,0.8913
simplenet,cable,k1,5,Pixel AUROC,0.8988,0.0308,0.8429,0.9322
simplenet,cable,k1,5,Pixel AP,0.4821,0.0687,0.3847,0.5738
simplenet,cable,k1,5,Pixel F1,0.4962,0.0547,0.4200,0.5684
simplenet,cable,k1,5,Pixel PRO,0.7624,0.0417,0.6880,0.8096
simplenet,cable,k2,6,Image AUROC,0.8573,0.0255,0.8266,0.8919
simplenet,cable,k2,6,Image AP,0.9144,0.0162,0.8924,0.9351
simplenet,cable,k2,6,Image F1,0.8355,0.0133,0.8218,0.8571
simplenet,cable,k2,6,Pixel AUROC,0.9153,0.0192,0.8840,0.9337
simplenet,cable,k2,6,Pixel AP,0.5581,0.0353,0.5089,0.6045
simplenet,cable,k2,6,Pixel F1,0.5493,0.0364,0.4976,0.5837
simplenet,cable,k2,6,Pixel PRO,0.8094,0.0307,0.7714,0.8525
simplenet,cable,k4,5,Image AUROC,0.9503,0.0206,0.9194,0.9779
simplenet,cable,k4,5,Image AP,0.9715,0.0100,0.9572,0.9866
simplenet,cable,k4,5,Image F1,0.9140,0.0242,0.8865,0.9508
simplenet,cable,k4,5,Pixel AUROC,0.9505,0.0038,0.9450,0.9542
simplenet,cable,k4,5,Pixel AP,0.6397,0.0124,0.6248,0.6580
simplenet,cable,k4,5,Pixel F1,0.6191,0.0115,0.6022,0.6333
simplenet,cable,k4,5,Pixel PRO,0.8850,0.0114,0.8688,0.9016
simplenet,capsule,k1,5,Image AUROC,0.7429,0.0728,0.6394,0.8528
simplenet,capsule,k1,5,Image AP,0.9136,0.0409,0.8404,0.9651
simplenet,capsule,k1,5,Image F1,0.9248,0.0124,0.9046,0.9375
simplenet,capsule,k1,5,Pixel AUROC,0.9731,0.0095,0.9552,0.9809
simplenet,capsule,k1,5,Pixel AP,0.2721,0.0672,0.1704,0.3388
simplenet,capsule,k1,5,Pixel F1,0.3653,0.0440,0.3014,0.4056
simplenet,capsule,k1,5,Pixel PRO,0.8688,0.0651,0.7411,0.9206
simplenet,capsule,k2,6,Image AUROC,0.7885,0.0738,0.6669,0.8787
simplenet,capsule,k2,6,Image AP,0.9262,0.0375,0.8562,0.9667
simplenet,capsule,k2,6,Image F1,0.9421,0.0076,0.9316,0.9502
simplenet,capsule,k2,6,Pixel AUROC,0.9828,0.0023,0.9781,0.9851
simplenet,capsule,k2,6,Pixel AP,0.3256,0.0516,0.2202,0.3735
simplenet,capsule,k2,6,Pixel F1,0.4065,0.0329,0.3410,0.4406
simplenet,capsule,k2,6,Pixel PRO,0.9170,0.0098,0.9049,0.9294
simplenet,capsule,k4,5,Image AUROC,0.8872,0.0593,0.8065,0.9462
simplenet,capsule,k4,5,Image AP,0.9660,0.0199,0.9359,0.9862
simplenet,capsule,k4,5,Image F1,0.9564,0.0112,0.9412,0.9680
simplenet,capsule,k4,5,Pixel AUROC,0.9871,0.0021,0.9833,0.9887
simplenet,capsule,k4,5,Pixel AP,0.4004,0.0294,0.3454,0.4265
simplenet,capsule,k4,5,Pixel F1,0.4680,0.0408,0.4029,0.5040
simplenet,capsule,k4,5,Pixel PRO,0.9319,0.0165,0.9000,0.9454
simplenet,carpet,k1,5,Image AUROC,0.9907,0.0022,0.9876,0.9936
simplenet,carpet,k1,5,Image AP,0.9973,0.0006,0.9964,0.9981
simplenet,carpet,k1,5,Image F1,0.9787,0.0039,0.9727,0.9832
simplenet,carpet,k1,5,Pixel AUROC,0.9870,0.0004,0.9862,0.9874
simplenet,carpet,k1,5,Pixel AP,0.5789,0.0211,0.5457,0.6094
simplenet,carpet,k1,5,Pixel F1,0.6038,0.0034,0.5985,0.6082
simplenet,carpet,k1,5,Pixel PRO,0.8780,0.0103,0.8648,0.8955
simplenet,carpet,k2,6,Image AUROC,0.9911,0.0030,0.9848,0.9944
simplenet,carpet,k2,6,Image AP,0.9975,0.0008,0.9959,0.9984
simplenet,carpet,k2,6,Image F1,0.9849,0.0027,0.9829,0.9888
simplenet,carpet,k2,6,Pixel AUROC,0.9860,0.0005,0.9855,0.9870
simplenet,carpet,k2,6,Pixel AP,0.5367,0.0199,0.5216,0.5726
simplenet,carpet,k2,6,Pixel F1,0.5805,0.0065,0.5689,0.5898
simplenet,carpet,k2,6,Pixel PRO,0.8733,0.0074,0.8613,0.8866
simplenet,carpet,k4,5,Image AUROC,0.9941,0.0027,0.9920,0.9992
simplenet,carpet,k4,5,Image AP,0.9983,0.0008,0.9977,0.9997
simplenet,carpet,k4,5,Image F1,0.9876,0.0043,0.9829,0.9944
simplenet,carpet,k4,5,Pixel AUROC,0.9857,0.0007,0.9844,0.9864
simplenet,carpet,k4,5,Pixel AP,0.5185,0.0206,0.4839,0.5411
simplenet,carpet,k4,5,Pixel F1,0.5648,0.0058,0.5558,0.5715
simplenet,carpet,k4,5,Pixel PRO,0.8784,0.0097,0.8623,0.8905
simplenet,grid,k1,5,Image AUROC,0.8004,0.1265,0.6475,0.9541
simplenet,grid,k1,5,Image AP,0.9045,0.0725,0.8117,0.9860
simplenet,grid,k1,5,Image F1,0.8934,0.0386,0.8444,0.9391
simplenet,grid,k1,5,Pixel AUROC,0.8378,0.0727,0.7346,0.9206
simplenet,grid,k1,5,Pixel AP,0.1193,0.0891,0.0206,0.2225
simplenet,grid,k1,5,Pixel F1,0.1892,0.1142,0.0529,0.3176
simplenet,grid,k1,5,Pixel PRO,0.6535,0.1582,0.4355,0.8349
simplenet,grid,k2,6,Image AUROC,0.8837,0.0954,0.7318,0.9657
simplenet,grid,k2,6,Image AP,0.9468,0.0513,0.8744,0.9898
simplenet,grid,k2,6,Image F1,0.9245,0.0329,0.8702,0.9643
simplenet,grid,k2,6,Pixel AUROC,0.9009,0.0532,0.8232,0.9506
simplenet,grid,k2,6,Pixel AP,0.1857,0.0804,0.0645,0.2567
simplenet,grid,k2,6,Pixel F1,0.2709,0.0943,0.1173,0.3562
simplenet,grid,k2,6,Pixel PRO,0.7804,0.1166,0.5764,0.8897
simplenet,grid,k4,5,Image AUROC,0.8749,0.0847,0.7694,0.9733
simplenet,grid,k4,5,Image AP,0.9386,0.0485,0.8678,0.9922
simplenet,grid,k4,5,Image F1,0.9153,0.0376,0.8615,0.9730
simplenet,grid,k4,5,Pixel AUROC,0.9080,0.0377,0.8577,0.9594
simplenet,grid,k4,5,Pixel AP,0.1817,0.0725,0.0934,0.2703
simplenet,grid,k4,5,Pixel F1,0.2596,0.0739,0.1617,0.3502
simplenet,grid,k4,5,Pixel PRO,0.7923,0.0853,0.6826,0.8975
simplenet,hazelnut,k1,5,Image AUROC,0.9636,0.0304,0.9104,0.9943
simplenet,hazelnut,k1,5,Image AP,0.9795,0.0170,0.9494,0.9965
simplenet,hazelnut,k1,5,Image F1,0.9370,0.0378,0.8734,0.9790
simplenet,hazelnut,k1,5,Pixel AUROC,0.9687,0.0130,0.9493,0.9827
simplenet,hazelnut,k1,5,Pixel AP,0.4618,0.0676,0.3709,0.5400
simplenet,hazelnut,k1,5,Pixel F1,0.5002,0.0615,0.4084,0.5709
simplenet,hazelnut,k1,5,Pixel PRO,0.7890,0.0354,0.7314,0.8261
simplenet,hazelnut,k2,6,Image AUROC,0.9982,0.0029,0.9918,1.0000
simplenet,hazelnut,k2,6,Image AP,0.9989,0.0017,0.9952,1.0000
simplenet,hazelnut,k2,6,Image F1,0.9940,0.0077,0.9784,1.0000
simplenet,hazelnut,k2,6,Pixel AUROC,0.9772,0.0063,0.9673,0.9843
simplenet,hazelnut,k2,6,Pixel AP,0.4831,0.0426,0.4155,0.5510
simplenet,hazelnut,k2,6,Pixel F1,0.5253,0.0386,0.4606,0.5823
simplenet,hazelnut,k2,6,Pixel PRO,0.8093,0.0190,0.7712,0.8276
simplenet,hazelnut,k4,5,Image AUROC,0.9985,0.0020,0.9950,1.0000
simplenet,hazelnut,k4,5,Image AP,0.9991,0.0011,0.9972,1.0000
simplenet,hazelnut,k4,5,Image F1,0.9930,0.0108,0.9722,1.0000
simplenet,hazelnut,k4,5,Pixel AUROC,0.9795,0.0053,0.9691,0.9833
simplenet,hazelnut,k4,5,Pixel AP,0.5006,0.0422,0.4224,0.5423
simplenet,hazelnut,k4,5,Pixel F1,0.5401,0.0362,0.4696,0.5658
simplenet,hazelnut,k4,5,Pixel PRO,0.8131,0.0156,0.7915,0.8362
simplenet,leather,k1,5,Image AUROC,1.0000,0.0000,1.0000,1.0000
simplenet,leather,k1,5,Image AP,1.0000,0.0000,1.0000,1.0000
simplenet,leather,k1,5,Image F1,1.0000,0.0000,1.0000,1.0000
simplenet,leather,k1,5,Pixel AUROC,0.9929,0.0006,0.9922,0.9938
simplenet,leather,k1,5,Pixel AP,0.4770,0.0171,0.4477,0.5011
simplenet,leather,k1,5,Pixel F1,0.4990,0.0135,0.4769,0.5178
simplenet,leather,k1,5,Pixel PRO,0.9740,0.0023,0.9705,0.9767
simplenet,leather,k2,6,Image AUROC,1.0000,0.0000,1.0000,1.0000
simplenet,leather,k2,6,Image AP,1.0000,0.0000,1.0000,1.0000
simplenet,leather,k2,6,Image F1,1.0000,0.0000,1.0000,1.0000
simplenet,leather,k2,6,Pixel AUROC,0.9929,0.0004,0.9921,0.9934
simplenet,leather,k2,6,Pixel AP,0.4731,0.0164,0.4439,0.4967
simplenet,leather,k2,6,Pixel F1,0.4984,0.0132,0.4710,0.5148
simplenet,leather,k2,6,Pixel PRO,0.9734,0.0021,0.9712,0.9768
simplenet,leather,k4,5,Image AUROC,1.0000,0.0000,1.0000,1.0000
simplenet,leather,k4,5,Image AP,1.0000,0.0000,1.0000,1.0000
simplenet,leather,k4,5,Image F1,1.0000,0.0000,1.0000,1.0000
simplenet,leather,k4,5,Pixel AUROC,0.9934,0.0006,0.9924,0.9939
simplenet,leather,k4,5,Pixel AP,0.4935,0.0364,0.4365,0.5443
simplenet,leather,k4,5,Pixel F1,0.5151,0.0214,0.4870,0.5479
simplenet,leather,k4,5,Pixel PRO,0.9721,0.0041,0.9659,0.9783
simplenet,metal_nut,k1,5,Image AUROC,0.8459,0.0426,0.7903,0.8998
simplenet,metal_nut,k1,5,Image AP,0.9597,0.0127,0.9431,0.9758
simplenet,metal_nut,k1,5,Image F1,0.9203,0.0099,0.9082,0.9375
simplenet,metal_nut,k1,5,Pixel AUROC,0.9465,0.0132,0.9224,0.9617
simplenet,metal_nut,k1,5,Pixel AP,0.7807,0.0372,0.7321,0.8261
simplenet,metal_nut,k1,5,Pixel F1,0.7230,0.0340,0.6656,0.7648
simplenet,metal_nut,k1,5,Pixel PRO,0.7931,0.0370,0.7218,0.8283
simplenet,metal_nut,k2,6,Image AUROC,0.9556,0.0123,0.9360,0.9726
simplenet,metal_nut,k2,6,Image AP,0.9894,0.0029,0.9846,0.9939
simplenet,metal_nut,k2,6,Image F1,0.9503,0.0095,0.9388,0.9634
simplenet,metal_nut,k2,6,Pixel AUROC,0.9768,0.0056,0.9653,0.9823
simplenet,metal_nut,k2,6,Pixel AP,0.8767,0.0224,0.8324,0.9049
simplenet,metal_nut,k2,6,Pixel F1,0.8220,0.0195,0.7823,0.8403
simplenet,metal_nut,k2,6,Pixel PRO,0.8887,0.0255,0.8572,0.9327
simplenet,metal_nut,k4,5,Image AUROC,0.9928,0.0060,0.9824,0.9980
simplenet,metal_nut,k4,5,Image AP,0.9983,0.0013,0.9960,0.9995
simplenet,metal_nut,k4,5,Image F1,0.9829,0.0104,0.9626,0.9894
simplenet,metal_nut,k4,5,Pixel AUROC,0.9854,0.0033,0.9789,0.9875
simplenet,metal_nut,k4,5,Pixel AP,0.9092,0.0174,0.8753,0.9215
simplenet,metal_nut,k4,5,Pixel F1,0.8603,0.0132,0.8343,0.8700
simplenet,metal_nut,k4,5,Pixel PRO,0.9234,0.0063,0.9160,0.9342
simplenet,pill,k1,5,Image AUROC,0.8765,0.0362,0.8224,0.9332
simplenet,pill,k1,5,Image AP,0.9751,0.0080,0.9641,0.9877
simplenet,pill,k1,5,Image F1,0.9310,0.0097,0.9169,0.9470
simplenet,pill,k1,5,Pixel AUROC,0.9710,0.0132,0.9453,0.9801
simplenet,pill,k1,5,Pixel AP,0.7652,0.0529,0.6617,0.8101
simplenet,pill,k1,5,Pixel F1,0.7190,0.0402,0.6423,0.7592
simplenet,pill,k1,5,Pixel PRO,0.9264,0.0336,0.8621,0.9503
simplenet,pill,k2,6,Image AUROC,0.9135,0.0169,0.8797,0.9332
simplenet,pill,k2,6,Image AP,0.9827,0.0040,0.9744,0.9868
simplenet,pill,k2,6,Image F1,0.9389,0.0086,0.9231,0.9474
simplenet,pill,k2,6,Pixel AUROC,0.9802,0.0043,0.9747,0.9854
simplenet,pill,k2,6,Pixel AP,0.7960,0.0269,0.7654,0.8312
simplenet,pill,k2,6,Pixel F1,0.7409,0.0184,0.7210,0.7695
simplenet,pill,k2,6,Pixel PRO,0.9496,0.0073,0.9435,0.9622
simplenet,pill,k4,5,Image AUROC,0.9388,0.0074,0.9313,0.9523
simplenet,pill,k4,5,Image AP,0.9880,0.0018,0.9860,0.9908
simplenet,pill,k4,5,Image F1,0.9558,0.0041,0.9504,0.9609
simplenet,pill,k4,5,Pixel AUROC,0.9845,0.0022,0.9826,0.9888
simplenet,pill,k4,5,Pixel AP,0.8157,0.0150,0.8005,0.8422
simplenet,pill,k4,5,Pixel F1,0.7509,0.0129,0.7382,0.7736
simplenet,pill,k4,5,Pixel PRO,0.9566,0.0052,0.9488,0.9649
simplenet,screw,k1,5,Image AUROC,0.8154,0.0337,0.7590,0.8602
simplenet,screw,k1,5,Image AP,0.9296,0.0160,0.9074,0.9536
simplenet,screw,k1,5,Image F1,0.8768,0.0094,0.8655,0.8915
simplenet,screw,k1,5,Pixel AUROC,0.9670,0.0095,0.9551,0.9795
simplenet,screw,k1,5,Pixel AP,0.1628,0.0513,0.1020,0.2242
simplenet,screw,k1,5,Pixel F1,0.2611,0.0494,0.2000,0.3235
simplenet,screw,k1,5,Pixel PRO,0.8703,0.0219,0.8383,0.8963
simplenet,screw,k2,6,Image AUROC,0.8546,0.0444,0.7807,0.9248
simplenet,screw,k2,6,Image AP,0.9478,0.0181,0.9186,0.9735
simplenet,screw,k2,6,Image F1,0.8823,0.0146,0.8706,0.9136
simplenet,screw,k2,6,Pixel AUROC,0.9726,0.0060,0.9655,0.9824
simplenet,screw,k2,6,Pixel AP,0.1946,0.0285,0.1683,0.2485
simplenet,screw,k2,6,Pixel F1,0.2976,0.0259,0.2727,0.3404
simplenet,screw,k2,6,Pixel PRO,0.8925,0.0207,0.8678,0.9302
simplenet,screw,k4,5,Image AUROC,0.8806,0.0460,0.8006,0.9322
simplenet,screw,k4,5,Image AP,0.9568,0.0170,0.9307,0.9768
simplenet,screw,k4,5,Image F1,0.9028,0.0206,0.8645,0.9244
simplenet,screw,k4,5,Pixel AUROC,0.9649,0.0232,0.9211,0.9823
simplenet,screw,k4,5,Pixel AP,0.2407,0.0550,0.1406,0.3043
simplenet,screw,k4,5,Pixel F1,0.3227,0.0414,0.2476,0.3727
simplenet,screw,k4,5,Pixel PRO,0.8792,0.0603,0.7624,0.9270
simplenet,tile,k1,5,Image AUROC,0.9907,0.0045,0.9852,0.9960
simplenet,tile,k1,5,Image AP,0.9968,0.0014,0.9951,0.9985
simplenet,tile,k1,5,Image F1,0.9808,0.0023,0.9762,0.9822
simplenet,tile,k1,5,Pixel AUROC,0.9572,0.0029,0.9520,0.9606
simplenet,tile,k1,5,Pixel AP,0.5736,0.0217,0.5473,0.6095
simplenet,tile,k1,5,Pixel F1,0.6641,0.0092,0.6483,0.6767
simplenet,tile,k1,5,Pixel PRO,0.9189,0.0020,0.9169,0.9223
simplenet,tile,k2,6,Image AUROC,0.9913,0.0022,0.9874,0.9939
simplenet,tile,k2,6,Image AP,0.9969,0.0008,0.9955,0.9977
simplenet,tile,k2,6,Image F1,0.9801,0.0027,0.9762,0.9820
simplenet,tile,k2,6,Pixel AUROC,0.9617,0.0024,0.9577,0.9654
simplenet,tile,k2,6,Pixel AP,0.5943,0.0214,0.5724,0.6373
simplenet,tile,k2,6,Pixel F1,0.6668,0.0090,0.6546,0.6839
simplenet,tile,k2,6,Pixel PRO,0.9163,0.0011,0.9143,0.9173
simplenet,tile,k4,5,Image AUROC,0.9929,0.0031,0.9881,0.9968
simplenet,tile,k4,5,Image AP,0.9973,0.0012,0.9954,0.9988
simplenet,tile,k4,5,Image F1,0.9784,0.0048,0.9701,0.9820
simplenet,tile,k4,5,Pixel AUROC,0.9620,0.0059,0.9519,0.9678
simplenet,tile,k4,5,Pixel AP,0.6136,0.0387,0.5601,0.6622
simplenet,tile,k4,5,Pixel F1,0.6706,0.0213,0.6422,0.6937
simplenet,tile,k4,5,Pixel PRO,0.9175,0.0051,0.9090,0.9248
simplenet,toothbrush,k1,5,Image AUROC,0.9533,0.0368,0.8833,0.9861
simplenet,toothbrush,k1,5,Image AP,0.9834,0.0131,0.9587,0.9952
simplenet,toothbrush,k1,5,Image F1,0.9384,0.0349,0.8824,0.9831
simplenet,toothbrush,k1,5,Pixel AUROC,0.9814,0.0027,0.9775,0.9847
simplenet,toothbrush,k1,5,Pixel AP,0.4511,0.0321,0.3918,0.4793
simplenet,toothbrush,k1,5,Pixel F1,0.5542,0.0208,0.5179,0.5806
simplenet,toothbrush,k1,5,Pixel PRO,0.8978,0.0158,0.8753,0.9145
simplenet,toothbrush,k2,6,Image AUROC,0.9643,0.0420,0.8722,0.9972
simplenet,toothbrush,k2,6,Image AP,0.9871,0.0148,0.9547,0.9989
simplenet,toothbrush,k2,6,Image F1,0.9498,0.0321,0.8824,0.9836
simplenet,toothbrush,k2,6,Pixel AUROC,0.9831,0.0038,0.9749,0.9866
simplenet,toothbrush,k2,6,Pixel AP,0.4494,0.0091,0.4399,0.4608
simplenet,toothbrush,k2,6,Pixel F1,0.5507,0.0084,0.5429,0.5653
simplenet,toothbrush,k2,6,Pixel PRO,0.9069,0.0253,0.8513,0.9271
simplenet,toothbrush,k4,5,Image AUROC,0.9839,0.0128,0.9639,1.0000
simplenet,toothbrush,k4,5,Image AP,0.9942,0.0045,0.9873,1.0000
simplenet,toothbrush,k4,5,Image F1,0.9698,0.0198,0.9474,1.0000
simplenet,toothbrush,k4,5,Pixel AUROC,0.9842,0.0020,0.9815,0.9864
simplenet,toothbrush,k4,5,Pixel AP,0.4404,0.0204,0.4142,0.4654
simplenet,toothbrush,k4,5,Pixel F1,0.5407,0.0123,0.5288,0.5602
simplenet,toothbrush,k4,5,Pixel PRO,0.9189,0.0122,0.9050,0.9331
simplenet,transistor,k1,5,Image AUROC,0.7903,0.1006,0.6650,0.9142
simplenet,transistor,k1,5,Image AP,0.7508,0.1217,0.5969,0.9140
simplenet,transistor,k1,5,Image F1,0.7228,0.0888,0.6435,0.8642
simplenet,transistor,k1,5,Pixel AUROC,0.7581,0.1552,0.4755,0.9016
simplenet,transistor,k1,5,Pixel AP,0.3510,0.1658,0.0838,0.5353
simplenet,transistor,k1,5,Pixel F1,0.3653,0.1463,0.1161,0.5203
simplenet,transistor,k1,5,Pixel PRO,0.5911,0.2169,0.2061,0.8013
simplenet,transistor,k2,6,Image AUROC,0.8692,0.0955,0.7308,0.9675
simplenet,transistor,k2,6,Image AP,0.8556,0.0997,0.7056,0.9590
simplenet,transistor,k2,6,Image F1,0.7769,0.0922,0.6435,0.8800
simplenet,transistor,k2,6,Pixel AUROC,0.8852,0.0507,0.7813,0.9265
simplenet,transistor,k2,6,Pixel AP,0.5103,0.0733,0.3851,0.5907
simplenet,transistor,k2,6,Pixel F1,0.4959,0.0548,0.4145,0.5586
simplenet,transistor,k2,6,Pixel PRO,0.7971,0.0822,0.6344,0.8652
simplenet,transistor,k4,5,Image AUROC,0.9357,0.0645,0.8079,0.9829
simplenet,transistor,k4,5,Image AP,0.9254,0.0666,0.7947,0.9787
simplenet,transistor,k4,5,Image F1,0.8687,0.0860,0.7000,0.9351
simplenet,transistor,k4,5,Pixel AUROC,0.9161,0.0325,0.8619,0.9487
simplenet,transistor,k4,5,Pixel AP,0.5598,0.0607,0.4573,0.6313
simplenet,transistor,k4,5,Pixel F1,0.5384,0.0463,0.4548,0.5901
simplenet,transistor,k4,5,Pixel PRO,0.8444,0.0523,0.7646,0.9049
simplenet,wood,k1,5,Image AUROC,0.9900,0.0010,0.9895,0.9921
simplenet,wood,k1,5,Image AP,0.9969,0.0003,0.9967,0.9975
simplenet,wood,k1,5,Image F1,0.9754,0.0052,0.9672,0.9836
simplenet,wood,k1,5,Pixel AUROC,0.9347,0.0076,0.9230,0.9449
simplenet,wood,k1,5,Pixel AP,0.4776,0.0201,0.4458,0.5045
simplenet,wood,k1,5,Pixel F1,0.5042,0.0145,0.4833,0.5237
simplenet,wood,k1,5,Pixel PRO,0.8603,0.0118,0.8452,0.8717
simplenet,wood,k2,6,Image AUROC,0.9915,0.0038,0.9868,0.9974
simplenet,wood,k2,6,Image AP,0.9974,0.0012,0.9959,0.9992
simplenet,wood,k2,6,Image F1,0.9768,0.0087,0.9667,0.9917
simplenet,wood,k2,6,Pixel AUROC,0.9387,0.0044,0.9325,0.9466
simplenet,wood,k2,6,Pixel AP,0.4750,0.0112,0.4639,0.4903
simplenet,wood,k2,6,Pixel F1,0.4976,0.0092,0.4845,0.5076
simplenet,wood,k2,6,Pixel PRO,0.8619,0.0112,0.8447,0.8784
simplenet,wood,k4,5,Image AUROC,0.9944,0.0037,0.9886,0.9991
simplenet,wood,k4,5,Image AP,0.9983,0.0011,0.9965,0.9997
simplenet,wood,k4,5,Image F1,0.9804,0.0096,0.9677,0.9917
simplenet,wood,k4,5,Pixel AUROC,0.9328,0.0170,0.9001,0.9453
simplenet,wood,k4,5,Pixel AP,0.4567,0.0334,0.3945,0.4840
simplenet,wood,k4,5,Pixel F1,0.4926,0.0112,0.4742,0.5065
simplenet,wood,k4,5,Pixel PRO,0.8523,0.0201,0.8138,0.8671
simplenet,zipper,k1,5,Image AUROC,0.9740,0.0136,0.9622,0.9908
simplenet,zipper,k1,5,Image AP,0.9920,0.0044,0.9882,0.9975
simplenet,zipper,k1,5,Image F1,0.9706,0.0113,0.9528,0.9874
simplenet,zipper,k1,5,Pixel AUROC,0.9810,0.0027,0.9765,0.9842
simplenet,zipper,k1,5,Pixel AP,0.5769,0.0216,0.5560,0.6147
simplenet,zipper,k1,5,Pixel F1,0.6103,0.0152,0.5865,0.6301
simplenet,zipper,k1,5,Pixel PRO,0.9428,0.0075,0.9315,0.9513
simplenet,zipper,k2,6,Image AUROC,0.9861,0.0114,0.9609,0.9929
simplenet,zipper,k2,6,Image AP,0.9956,0.0042,0.9862,0.9980
simplenet,zipper,k2,6,Image F1,0.9814,0.0051,0.9712,0.9874
simplenet,zipper,k2,6,Pixel AUROC,0.9850,0.0018,0.9821,0.9875
simplenet,zipper,k2,6,Pixel AP,0.6190,0.0237,0.5825,0.6589
simplenet,zipper,k2,6,Pixel F1,0.6396,0.0144,0.6192,0.6667
simplenet,zipper,k2,6,Pixel PRO,0.9527,0.0056,0.9453,0.9637
simplenet,zipper,k4,5,Image AUROC,0.9910,0.0048,0.9850,0.9966
simplenet,zipper,k4,5,Image AP,0.9974,0.0014,0.9955,0.9991
simplenet,zipper,k4,5,Image F1,0.9834,0.0052,0.9752,0.9876
simplenet,zipper,k4,5,Pixel AUROC,0.9865,0.0019,0.9835,0.9891
simplenet,zipper,k4,5,Pixel AP,0.6419,0.0211,0.6166,0.6746
simplenet,zipper,k4,5,Pixel F1,0.6546,0.0124,0.6420,0.6780
simplenet,zipper,k4,5,Pixel PRO,0.9572,0.0068,0.9467,0.9673
